﻿<?xml version="1.0" encoding="UTF-8" standalone="yes"?>
<addon id="logan-repository" name="Logan repository" version="0.0.1" provider-name="EdLogan18">
	<extension point="xbmc.addon.repository" name="Logan Repository">
		<info compressed="false">http://raw.github.com/EdLogan18/logan-repository/master/addons.xml</info>
		<checksum>http://raw.github.com/EdLogan18/logan-repository/master/addons.xml.md5</checksum>
		<datadir zip="true">http://raw.github.com/EdLogan18/logan-repository/master/repo/</datadir>
	</extension>
	<extension point="xbmc.addon.metadata">
		<summary>Logan Addon</summary>
		<description>Assista , TVs, Filmes ,Series e Radios</description>
		<disclaimer></disclaimer>
		<platform>all</platform>
	</extension>
</addon>