<?xml version="1.0" encoding="UTF-8" standalone="yes"?>
<addon id="plugin.video.logan" name="LoganTV" version="0.0.6" provider-name="logan">
  <requires>
    <import addon="xbmc.python" version="2.1.0"/>
	<import addon="script.module.urlresolver" version="1.0.0"/>
	<import addon="script.module.metahandler" optional="true"/>
	<import addon="script.module.simplejson" optional="true"/>
	<import addon="script.module.parsedom" optional="true"/>
  </requires>
  <extension point="xbmc.python.pluginsource" library="addon.py">
    <provides>video</provides>
  </extension>
  <extension point="xbmc.addon.metadata">
    <language>en</language>
    <platform>all</platform>
    <summary lang="en">Logan TV</summary>
    <description lang="en">Assista Séries, Filmes, Rádios e Tv</description>
	<platform>all</platform>
  </extension>
</addon>
